date,y1,y2,y3,y4,y5,y6,y7,y8,y9,y10
2023-09-09,109.41,109.41,109.41,124.24,124.47,109.41,119.94,104.66,107.62,119.32
2023-09-10,109.41,109.41,109.41,124.21,124.32,109.41,101.39,104.34,102.61,119.36
2023-09-11,109.42,109.41,109.41,124.41,124.37,109.41, 97.64,104.23, 99.16,119.38
2023-09-12,108.68,110.19,111.12,123.93,124.82,109.41, 94.35,107.23,103.39,121.06
2023-09-13,106.21,110.88,112.92,122.68,123.91,107.84, 96.22,109.71,102.43,122.17
2023-09-14,103.62,113.18,112.98,121.45,123.21,107.30, 96.43,109.85, 99.58,126.98
2023-09-15,100.20,115.92,112.53,119.82,123.22,107.15,106.02,109.66, 95.31,132.31
2023-09-16, 97.55,118.65,112.45,118.75,122.94,106.17,122.01,109.31, 92.23,138.02
2023-09-17, 95.86,122.57,113.17,117.69,122.61,105.34,128.92,110.30,100.98,145.66
2023-09-18, 93.48,126.78,113.19,116.50,120.66,102.34,131.38,110.69, 93.93,154.21
2023-09-19, 91.46,129.32,113.32,115.69,120.67,101.18,129.07,110.91, 94.55,159.39
2023-09-20, 88.98,132.00,115.24,114.07,120.41,101.74,127.48,113.52, 93.37,164.76
2023-09-21, 85.21,134.09,115.10,112.55,121.05,103.08,137.16,113.38, 87.58,168.85
2023-09-22, 81.11,134.88,116.42,110.08,120.30,101.63,149.62,115.62, 92.45,170.31
2023-09-23, 78.12,134.59,118.21,109.15,120.65,101.78,144.57,118.64, 97.86,169.90
2023-09-24, 77.05,134.42,121.81,108.47,122.24,104.71,142.78,124.13, 98.75,169.38
2023-09-25, 74.42,135.18,124.11,106.66,123.47,107.63,148.58,127.98, 97.24,170.98
2023-09-26, 71.87,135.58,125.46,105.68,124.54,109.46,144.19,130.15, 99.54,171.74
2023-09-27, 69.33,134.96,126.49,104.26,124.38,109.45,146.06,131.83, 99.64,170.45
2023-09-28, 67.11,134.51,126.11,103.44,125.04,110.67,154.63,131.12, 95.28,169.56
2023-09-29, 64.24,134.37,126.91,101.51,126.33,113.13,157.35,132.65, 99.96,169.31
2023-09-30, 61.70,132.21,127.43,100.61,126.11,113.49,167.54,133.35,105.44,164.97
2023-10-01, 59.04,130.69,127.73, 99.39,126.32,113.57,174.59,133.79,114.76,162.14
2023-10-02, 56.40,129.79,126.96, 97.92,125.79,112.84,187.50,132.40,114.39,160.14
2023-10-03, 55.86,129.21,127.01, 98.30,126.52,113.10,192.56,132.91,122.83,159.09
2023-10-04, 55.77,128.72,127.07, 97.60,126.59,113.55,190.42,132.65,118.74,158.08
2023-10-05, 57.28,127.56,127.10, 98.43,127.04,114.22,185.43,132.64,130.43,155.75
2023-10-06, 56.49,126.38,125.53, 98.20,126.00,112.35,179.18,130.28,124.49,153.38
2023-10-07, 55.45,124.27,126.37, 97.52,124.82,110.38,188.07,131.56,119.99,149.18
2023-10-08, 52.81,122.19,126.85, 96.25,123.98,108.29,173.72,132.36,118.15,144.95
2023-10-09, 52.49,119.43,129.15, 95.91,124.01,108.33,168.99,135.91,112.74,139.61
2023-10-10, 51.40,115.14,131.04, 95.37,124.22,108.39,176.75,139.08,108.78,131.03
2023-10-11, 51.48,113.34,133.38, 95.33,124.62,110.05,167.38,142.61,105.92,127.17
2023-10-12, 53.17,112.59,135.58, 96.21,125.94,111.76,176.01,146.67,114.19,125.88
2023-10-13, 55.10,113.19,138.10, 96.99,126.21,113.07,174.24,150.62,125.01,126.89
2023-10-14, 56.44,115.58,141.46, 97.78,125.85,112.12,161.97,155.60,123.55,131.74
2023-10-15, 56.44,118.28,142.39, 98.11,126.12,113.23,150.88,157.23,122.86,137.16
2023-10-16, 54.63,120.69,144.04, 96.65,127.14,114.99,144.81,159.78,114.01,141.92
2023-10-17, 53.65,120.18,145.13, 96.60,128.87,117.60,148.54,161.68,106.95,140.95
2023-10-18, 52.71,120.56,146.21, 95.64,128.44,117.07,142.40,163.09,104.41,141.71
2023-10-19, 52.04,122.28,147.53, 96.01,128.84,118.37,137.18,165.80, 98.04,145.26
2023-10-20, 52.01,122.26,149.02, 95.49,129.24,119.53,125.03,167.78,103.76,145.21
2023-10-21, 51.00,121.84,151.67, 95.37,129.50,119.99,120.26,172.12,101.35,144.30
2023-10-22, 49.22,121.75,152.55, 94.14,129.27,119.74,132.87,173.38,107.94,144.05
2023-10-23, 48.35,121.26,154.04, 93.87,129.89,119.65,135.62,175.85,103.46,143.23
2023-10-24, 46.87,120.80,155.36, 93.12,129.21,119.08,136.09,178.33,105.13,142.20
2023-10-25, 45.36,119.54,156.31, 92.37,129.42,120.03,132.62,179.31,112.54,139.57
2023-10-26, 44.11,118.39,157.63, 91.98,131.17,122.09,125.43,181.88,115.89,137.40
2023-10-27, 40.76,118.50,159.03, 90.18,131.05,122.66,124.19,183.64,113.23,137.52
2023-10-28, 38.75,122.25,157.42, 89.06,130.37,121.92,135.60,180.91,119.68,145.17
2023-10-29, 36.33,127.15,156.60, 87.94,131.66,124.08,146.57,179.79,124.65,154.88
2023-10-30, 35.85,128.93,155.00, 87.35,131.19,123.18,158.96,177.26,123.54,158.50
2023-10-31, 36.30,129.60,155.13, 87.98,131.04,122.48,156.00,177.55,125.85,159.72
2023-11-01, 38.44,130.53,154.10, 88.92,130.48,121.45,162.27,175.65,132.61,161.62
2023-11-02, 40.88,132.90,154.03, 89.91,130.67,122.00,159.30,176.06,130.51,166.58
2023-11-03, 42.59,137.53,155.77, 91.06,129.05,118.57,153.90,178.36,128.89,175.70
2023-11-04, 44.18,142.43,155.11, 91.67,128.80,118.54,151.74,177.70,119.45,185.44
2023-11-05, 44.00,146.11,155.40, 91.87,128.33,116.89,145.04,178.02,116.37,192.81
2023-11-06, 43.59,148.69,155.59, 91.38,127.88,116.20,148.13,178.15,122.31,197.91
2023-11-07, 43.60,150.05,156.09, 91.53,126.43,113.51,154.96,179.16,132.20,200.79
2023-11-08, 46.44,151.65,156.91, 92.75,126.13,112.48,164.93,180.42,133.29,203.89
2023-11-09, 50.18,153.38,157.42, 94.80,125.80,112.62,164.45,181.21,137.88,207.36
2023-11-10, 53.54,154.75,156.27, 96.18,126.93,115.03,166.93,179.37,142.12,210.16
2023-11-11, 54.68,154.52,156.04, 97.17,127.93,116.20,182.00,179.06,140.94,209.62
2023-11-12, 54.09,154.08,154.32, 96.46,127.58,115.55,184.52,176.20,144.22,208.91
2023-11-13, 52.43,154.62,153.18, 95.94,126.73,114.32,183.13,174.26,144.26,209.89
2023-11-14, 50.94,153.63,152.65, 95.05,126.47,113.57,182.55,173.19,135.24,207.80
2023-11-15, 50.12,152.58,150.81, 94.67,126.49,113.60,190.93,170.66,140.85,205.80
2023-11-16, 50.14,151.79,149.12, 94.66,125.61,111.77,183.71,168.07,140.74,204.13
2023-11-17, 48.57,150.66,148.83, 93.54,125.66,111.99,191.71,167.62,144.95,201.90
2023-11-18, 46.06,149.84,146.05, 92.62,126.45,112.52,189.54,163.35,152.25,200.33
2023-11-19, 44.24,149.80,143.80, 91.95,126.59,113.90,193.93,159.69,157.26,200.15
2023-11-20, 44.75,149.96,141.08, 92.12,126.52,113.32,195.13,154.97,162.72,200.52
2023-11-21, 44.16,151.02,139.39, 92.09,126.70,113.95,194.25,152.19,166.80,202.66
2023-11-22, 44.18,152.21,135.53, 91.91,127.05,114.72,202.15,146.19,157.04,204.90
2023-11-23, 43.56,153.43,132.15, 91.36,127.57,114.72,200.55,140.76,148.60,207.60
2023-11-24, 44.92,153.77,130.62, 92.02,127.49,115.08,190.14,137.98,146.87,208.17
2023-11-25, 45.69,153.11,130.00, 92.43,128.62,117.22,195.09,137.42,145.83,206.67
2023-11-26, 46.84,152.12,129.90, 93.38,128.74,117.84,201.21,137.26,139.90,204.96
2023-11-27, 48.83,150.45,130.25, 94.18,128.67,117.85,210.88,137.68,142.42,201.30
2023-11-28, 50.73,149.03,131.40, 94.73,128.88,117.68,209.41,139.77,141.18,198.72
2023-11-29, 53.63,149.31,132.06, 96.70,128.37,117.71,221.36,140.85,149.77,199.22
2023-11-30, 57.00,150.59,132.73, 98.71,128.03,116.86,217.92,142.14,155.42,201.73
2023-12-01, 60.35,152.03,131.97, 99.77,127.66,115.71,212.43,140.22,159.00,204.70
2023-12-02, 63.03,151.31,133.35,101.30,127.58,115.93,215.42,142.78,155.36,203.17
2023-12-03, 64.32,151.00,133.29,101.58,127.80,116.03,226.78,142.66,150.94,202.57
2023-12-04, 65.91,152.05,132.41,102.95,127.23,114.60,213.67,141.00,152.54,204.68
2023-12-05, 66.83,153.86,133.01,102.68,127.33,114.84,221.29,142.07,153.67,208.37
2023-12-06, 67.62,156.54,133.51,103.40,127.66,115.65,230.58,143.19,159.00,213.92
2023-12-07, 67.72,157.49,135.22,103.78,127.76,116.02,225.13,145.60,149.13,215.60
2023-12-08, 67.42,155.70,137.09,103.25,126.75,114.30,218.78,148.89,149.89,211.99
2023-12-09, 66.36,153.77,139.44,103.21,126.24,113.17,221.24,152.37,155.59,208.10
2023-12-10, 64.76,152.87,141.17,102.24,124.85,110.21,207.88,155.60,157.84,206.24
2023-12-11, 63.86,152.45,141.44,101.66,125.00,110.12,219.25,155.52,162.66,205.49
2023-12-12, 63.99,152.76,139.91,101.72,124.42,109.44,210.20,152.98,155.63,206.13
2023-12-13, 64.35,154.58,138.98,101.73,124.56,109.49,220.14,151.39,159.72,209.63
2023-12-14, 64.07,154.92,138.82,102.01,124.38,109.24,221.73,151.26,161.85,210.29
2023-12-15, 64.33,156.45,138.83,102.01,124.84,110.45,221.41,151.42,159.78,213.61
2023-12-16, 65.02,161.10,137.60,102.27,123.95,108.14,211.43,149.18,160.99,222.77
2023-12-17, 66.19,164.89,137.28,103.00,123.24,107.32,211.29,149.09,159.47,230.42
2023-12-18, 67.38,170.04,136.40,103.46,122.81,106.64,210.17,147.49,156.64,240.73
2023-12-19, 69.67,175.80,135.89,104.39,122.34,104.89,217.70,146.76,163.90,252.19
2023-12-20, 72.54,180.67,136.71,105.79,121.17,102.93,218.10,148.29,164.80,261.79
2023-12-21, 76.43,183.60,137.47,107.99,120.31,101.08,219.74,148.95,169.13,267.80
2023-12-22, 78.78,186.29,137.50,108.95,119.80, 99.69,218.41,149.42,168.90,273.19
2023-12-23, 81.63,189.66,139.14,110.44,120.27,101.36,224.26,151.87,172.84,280.01
2023-12-24, 85.54,190.52,140.45,112.36,120.92,102.25,228.58,153.74,171.26,281.57
2023-12-25, 89.11,190.61,140.59,114.43,120.50,101.81,231.95,154.45,169.59,281.74
2023-12-26, 91.94,191.91,141.13,116.15,120.42,101.39,238.45,155.19,164.13,284.44
2023-12-27, 94.14,193.01,142.79,116.74,121.01,102.34,240.58,157.83,169.70,286.57
2023-12-28, 97.21,193.27,144.15,118.09,120.02,100.51,226.12,159.85,168.07,287.20
2023-12-29, 99.91,193.49,147.47,119.59,120.25,100.48,218.90,165.48,169.13,287.38
2023-12-30,101.86,193.06,148.83,120.70,119.60,100.15,225.91,167.51,173.07,286.83
2023-12-31,102.76,191.70,150.48,120.78,119.57, 99.74,215.41,170.25,167.79,284.18
2024-01-01,102.12,189.02,152.10,121.06,118.00, 96.79,216.07,172.63,167.83,278.58
2024-01-02,100.80,186.71,153.11,120.10,118.55, 96.86,215.58,174.19,161.54,274.13
2024-01-03, 98.82,185.99,153.03,118.99,117.84, 95.77,206.84,174.43,160.71,272.53
2024-01-04, 97.07,184.62,152.83,118.72,117.16, 94.90,207.44,174.09,159.61,269.79
2024-01-05, 95.63,183.79,152.88,117.56,116.89, 94.09,204.84,173.92,152.08,268.27
2024-01-06, 96.29,185.25,152.76,118.01,116.52, 93.27,202.59,173.99,152.01,271.20
2024-01-07, 97.78,186.84,152.66,118.79,114.84, 90.57,213.32,173.49,151.67,274.18
2024-01-08,100.24,188.27,152.19,120.04,114.41, 89.34,214.07,172.58,156.54,277.25
2024-01-09,101.60,187.94,152.17,120.16,114.28, 89.17,215.26,173.09,169.09,276.77
2024-01-10,102.04,186.42,150.76,120.76,114.66, 90.38,223.29,170.75,169.72,273.37
2024-01-11,103.56,186.55,149.46,121.41,114.88, 91.32,214.52,168.61,168.33,273.67
2024-01-12,104.77,186.41,147.49,122.19,115.06, 90.71,222.43,165.09,163.89,273.14
2024-01-13,107.04,186.58,145.72,122.85,114.69, 90.12,208.04,162.32,156.93,273.60
2024-01-14,108.32,187.45,145.90,123.72,114.96, 90.69,212.64,162.45,160.47,275.35
2024-01-15,109.57,188.66,144.65,124.50,115.55, 91.28,211.96,160.74,162.49,277.89
2024-01-16,109.53,188.44,143.96,124.61,113.61, 88.45,217.96,159.61,161.59,277.48
2024-01-17,108.94,190.01,145.31,124.13,113.31, 87.47,218.63,161.64,159.93,280.54
2024-01-18,108.99,193.03,146.46,124.24,114.76, 89.95,215.88,164.04,157.02,286.60
2024-01-19,110.76,194.30,146.80,125.20,115.69, 91.58,230.82,164.49,151.25,289.07
2024-01-20,112.77,194.14,146.86,125.85,114.76, 89.82,226.23,164.30,154.82,288.89
2024-01-21,113.70,195.08,148.20,126.56,115.03, 91.06,222.45,166.31,157.69,290.87
2024-01-22,113.88,195.61,149.92,126.32,116.97, 94.11,220.88,169.28,157.03,291.77
2024-01-23,114.17,195.14,150.17,126.79,117.71, 95.79,230.04,169.50,160.28,290.86
2024-01-24,115.80,193.05,150.85,127.64,117.82, 95.31,227.75,170.37,161.97,286.67
2024-01-25,117.27,190.99,149.80,128.62,116.95, 94.67,247.66,168.91,162.52,282.67
2024-01-26,118.87,191.20,149.99,128.99,117.53, 95.18,241.22,169.54,160.47,282.95
2024-01-27,121.33,192.07,148.09,130.43,118.06, 96.57,238.58,166.53,161.64,284.63
2024-01-28,125.41,191.95,146.38,132.36,116.92, 94.81,250.02,163.35,158.38,284.33
2024-01-29,129.22,193.72,145.03,134.37,116.28, 93.52,247.75,161.34,152.73,288.12
2024-01-30,132.12,196.57,144.62,135.81,116.02, 92.21,240.17,160.76,160.16,293.64
2024-01-31,134.38,195.48,143.46,137.21,115.65, 92.19,239.29,158.97,162.25,291.43
2024-02-01,135.63,193.18,144.27,137.23,116.49, 92.85,243.76,160.20,165.12,286.87
2024-02-02,136.49,192.22,144.53,137.88,115.93, 92.86,257.25,160.28,161.65,284.84
2024-02-03,136.58,192.22,144.22,137.88,115.91, 92.64,262.83,160.25,162.15,285.04
2024-02-04,137.05,194.06,143.89,138.44,115.42, 91.56,258.85,159.01,157.43,288.58
2024-02-05,137.71,196.01,144.89,138.45,116.20, 93.27,261.31,161.11,154.95,292.73
2024-02-06,139.32,197.65,145.97,139.29,116.39, 93.50,252.97,163.43,160.76,295.71
2024-02-07,141.96,198.21,145.18,140.80,116.66, 93.12,266.67,161.34,160.72,297.02
2024-02-08,144.15,198.23,142.61,142.06,116.55, 93.68,279.06,157.61,159.35,296.85
2024-02-09,146.44,198.59,141.16,142.92,117.40, 96.02,283.68,155.59,152.46,297.77
2024-02-10,149.12,198.05,140.31,144.38,118.44, 97.39,285.50,153.84,144.86,296.58
2024-02-11,152.57,197.99,139.00,146.29,119.00, 98.48,295.84,151.92,150.95,296.51
2024-02-12,155.99,199.63,136.98,147.40,117.81, 96.45,302.59,148.29,155.82,299.95
2024-02-13,158.31,201.56,135.60,149.28,117.14, 94.70,295.33,146.05,163.61,303.71
2024-02-14,159.21,202.64,134.24,149.23,115.30, 90.94,292.84,143.96,157.62,305.81
2024-02-15,159.53,203.76,133.25,149.32,115.30, 90.92,281.78,142.45,164.43,308.15
2024-02-16,159.00,204.26,131.88,149.30,114.46, 89.26,269.82,140.66,162.98,309.13
2024-02-17,157.63,205.21,129.52,148.86,113.29, 87.58,263.71,136.53,162.59,311.09
2024-02-18,155.17,205.42,130.09,147.33,111.88, 84.45,257.58,137.41,160.98,311.54
2024-02-19,151.96,204.16,131.02,145.45,111.37, 83.56,267.55,138.48,161.16,308.96
2024-02-20,149.84,201.79,131.31,144.60,112.20, 84.94,262.27,139.35,170.00,304.22
2024-02-21,149.23,199.16,130.94,144.55,112.07, 84.27,272.67,138.81,171.22,298.85
2024-02-22,150.34,196.76,131.03,145.00,111.18, 82.95,265.52,139.11,177.55,294.24
2024-02-23,152.65,191.48,130.68,145.90,111.41, 83.45,267.99,138.53,179.19,283.49
2024-02-24,156.62,183.87,130.41,148.09,112.17, 84.72,272.60,138.13,168.93,268.45
2024-02-25,161.07,177.02,129.35,150.14,112.71, 85.64,267.98,136.14,172.12,254.48
2024-02-26,165.65,172.11,128.56,152.35,112.87, 86.12,277.97,135.16,165.11,244.79
2024-02-27,170.44,169.92,128.00,154.98,113.22, 87.35,278.53,134.23,165.90,240.49
2024-02-28,174.56,167.25,127.35,157.20,112.53, 85.95,259.20,132.75,168.26,235.08
2024-02-29,177.49,164.75,126.26,158.29,112.30, 85.46,256.69,131.73,167.45,230.11
2024-03-01,179.32,161.42,125.18,159.02,112.32, 85.47,262.06,129.87,164.53,223.35
2024-03-02,180.74,158.88,125.01,160.12,112.20, 85.19,263.67,129.54,166.52,218.31
2024-03-03,181.69,158.56,124.42,160.56,111.77, 84.67,261.53,128.39,171.50,217.70
2024-03-04,182.62,157.33,123.31,160.96,111.29, 83.68,266.25,126.49,171.41,215.20
2024-03-05,183.05,155.13,124.13,160.93,111.64, 84.08,247.95,127.83,172.41,210.94
2024-03-06,183.40,154.58,125.44,161.44,111.30, 83.45,247.03,130.23,177.71,209.88
2024-03-07,183.42,153.71,128.06,161.45,111.69, 83.90,248.03,134.23,174.40,207.74
2024-03-08,184.44,152.88,128.19,161.78,112.06, 84.18,248.56,134.52,177.64,206.37
2024-03-09,185.44,153.23,130.37,162.42,112.01, 84.31,261.23,138.02,179.15,206.94
2024-03-10,185.86,154.45,130.27,162.56,111.14, 82.52,263.98,137.79,169.99,209.62
2024-03-11,185.04,156.34,131.48,162.42,110.01, 80.65,264.73,139.84,171.31,213.36
2024-03-12,183.80,159.90,132.10,161.86,110.33, 81.17,265.30,140.70,177.66,220.56
2024-03-13,182.55,163.64,134.71,160.93,109.76, 80.25,266.58,145.25,175.60,227.84
2024-03-14,180.66,166.76,135.76,160.46,108.55, 77.38,262.49,146.80,176.59,234.11
2024-03-15,180.23,169.31,135.72,159.46,107.59, 76.21,261.82,146.55,173.47,239.04
2024-03-16,179.28,170.46,136.36,159.22,108.57, 77.20,270.51,147.46,170.56,241.45
2024-03-17,178.67,170.83,136.66,158.98,108.05, 76.73,259.55,147.90,167.13,242.24
2024-03-18,178.34,170.29,138.21,158.78,107.15, 75.27,254.35,150.65,164.34,241.21
2024-03-19,177.93,168.94,140.28,158.65,108.20, 76.50,256.37,154.05,170.45,238.60
2024-03-20,177.96,168.34,141.26,158.74,107.77, 76.93,244.82,155.25,164.72,237.42
2024-03-21,178.97,168.07,143.14,159.35,108.66, 78.41,245.03,158.14,163.72,236.71
2024-03-22,180.22,168.06,144.97,159.76,109.54, 79.86,234.39,161.74,151.17,236.65
2024-03-23,181.71,169.94,146.03,160.80,110.20, 81.00,234.06,163.16,161.74,240.45
2024-03-24,183.32,171.45,146.70,161.79,110.08, 80.64,232.39,163.88,174.21,243.65
2024-03-25,183.69,170.69,148.22,161.59,109.42, 79.09,228.77,166.43,178.00,242.00
2024-03-26,184.35,169.93,146.96,161.65,109.42, 79.29,222.01,164.42,187.47,240.61
2024-03-27,185.75,169.87,146.24,162.85,109.05, 78.76,221.76,163.41,191.27,240.39
2024-03-28,188.47,171.23,146.96,164.09,109.14, 78.77,218.28,164.43,187.44,243.05
2024-03-29,192.16,172.95,148.06,166.02,109.19, 78.65,213.28,166.56,185.78,246.40
2024-03-30,196.74,175.01,147.39,167.79,108.68, 77.90,209.25,164.95,191.75,250.46
2024-03-31,200.06,176.24,147.71,169.62,108.40, 77.31,202.64,165.64,190.57,253.06
2024-04-01,202.93,178.47,147.39,170.95,108.00, 76.68,194.45,164.97,194.59,257.52
2024-04-02,203.04,180.56,147.03,171.21,108.13, 76.43,187.69,164.46,194.70,261.68
2024-04-03,201.70,183.52,147.71,170.60,106.95, 74.58,206.01,165.67,196.77,267.52
2024-04-04,199.83,187.37,149.48,169.92,107.53, 75.38,201.74,168.65,196.07,275.38
2024-04-05,200.72,188.66,150.36,170.35,107.54, 75.82,207.89,169.96,199.49,277.72
2024-04-06,201.75,188.59,150.67,170.34,108.95, 78.94,210.95,170.88,205.84,277.91
2024-04-07,203.23,188.80,151.64,171.18,109.80, 79.61,214.65,171.84,203.31,278.34
2024-04-08,202.57,189.50,152.58,171.17,110.91, 81.81,218.00,173.43,201.25,279.59
2024-04-09,202.55,190.48,153.43,171.06,110.70, 81.58,224.38,174.60,197.57,281.49
2024-04-10,202.04,190.92,155.79,170.67,111.07, 83.01,228.33,178.55,199.70,282.37
2024-04-11,199.99,191.71,156.07,169.52,110.87, 81.86,238.64,179.22,187.75,283.88
2024-04-12,196.29,193.04,158.53,168.20,110.17, 81.98,233.58,182.96,186.11,286.71
2024-04-13,191.53,193.52,159.57,165.56,111.36, 82.99,245.96,184.58,186.35,287.63
2024-04-14,188.37,191.77,162.17,163.73,111.40, 83.66,232.65,188.77,178.85,284.10
2024-04-15,185.88,189.09,163.37,162.53,110.85, 82.57,226.39,190.30,185.47,278.93
2024-04-16,186.47,186.73,165.07,162.71,110.56, 81.16,218.78,193.61,189.94,274.08
2024-04-17,188.76,184.76,166.67,163.97,109.56, 79.61,221.10,196.04,207.44,270.20
2024-04-18,192.46,183.04,165.93,165.54,109.23, 78.52,225.42,194.52,215.84,266.65
2024-04-19,198.29,180.94,166.32,169.13,108.14, 75.98,228.54,195.68,222.97,262.54
2024-04-20,203.41,179.75,166.07,171.45,105.73, 72.52,217.93,194.95,222.59,260.15
2024-04-21,207.60,178.96,166.73,173.71,104.31, 68.93,221.26,196.34,221.13,258.36
2024-04-22,212.17,179.64,166.75,175.92,102.91, 66.78,212.37,196.06,220.96,260.04
2024-04-23,213.98,182.40,165.63,176.69,102.52, 65.74,199.02,194.36,222.87,265.36
2024-04-24,216.62,186.58,166.59,178.15,103.15, 66.06,187.95,195.62,218.50,273.79
2024-04-25,219.66,190.81,168.31,179.45,103.61, 67.19,191.35,198.31,222.93,282.20
2024-04-26,222.81,193.47,168.50,181.10,102.81, 65.93,188.12,198.68,234.94,287.66
2024-04-27,222.64,193.75,168.82,181.07,102.64, 65.34,176.88,199.58,235.74,288.13
2024-04-28,219.28,194.53,172.19,179.29,103.41, 67.04,187.70,204.49,241.70,289.69
2024-04-29,215.13,196.32,173.78,177.38,104.00, 68.15,181.75,207.46,234.34,293.31
2024-04-30,211.65,197.53,175.90,175.90,103.49, 68.11,176.47,211.09,231.69,295.64
2024-05-01,208.69,198.11,176.01,174.23,103.39, 67.28,167.61,211.30,222.33,296.73
2024-05-02,206.59,198.55,177.72,172.86,103.22, 67.63,175.51,213.73,229.96,297.77
2024-05-03,206.09,198.74,178.83,172.72,103.06, 66.59,170.80,215.52,227.84,298.09
2024-05-04,206.12,198.12,179.28,172.68,103.38, 67.48,180.87,215.99,237.49,296.65
2024-05-05,205.32,196.64,180.31,172.39,103.32, 67.15,183.57,218.03,245.66,293.86
2024-05-06,203.90,195.94,179.21,171.89,102.82, 66.19,177.82,216.06,241.72,292.44
2024-05-07,202.68,196.03,177.79,171.10,101.73, 64.23,170.07,213.64,231.84,292.52
2024-05-08,203.66,195.59,176.11,171.69,102.40, 65.93,180.71,210.81,232.46,291.69
2024-05-09,205.39,194.42,173.58,172.29,103.43, 67.15,178.91,207.29,229.60,289.59
2024-05-10,207.82,193.73,171.03,173.54,103.17, 67.80,182.93,202.89,232.41,287.97
2024-05-11,208.17,193.39,169.19,174.03,104.53, 69.11,184.86,200.13,221.87,287.31
2024-05-12,208.07,192.69,169.52,173.64,105.93, 72.26,181.55,200.85,227.22,285.89
2024-05-13,209.35,191.18,169.17,174.21,105.91, 72.66,172.07,200.24,225.29,283.06
2024-05-14,210.89,189.82,168.79,175.07,106.41, 72.83,183.69,199.39,224.76,280.47
2024-05-15,211.39,187.61,167.13,175.39,105.94, 72.02,189.04,196.71,224.91,275.95
2024-05-16,211.80,186.69,166.77,175.50,105.41, 71.69,190.80,196.30,223.63,274.06
2024-05-17,210.29,188.41,166.08,174.77,105.25, 70.97,188.65,194.97,217.44,277.41
2024-05-18,208.26,190.27,164.28,174.27,104.73, 70.20,190.88,191.99,219.76,281.10
2024-05-19,206.56,191.95,163.93,173.20,103.90, 68.19,196.96,191.93,219.88,284.55
2024-05-20,205.55,193.49,165.07,172.44,102.77, 66.17,201.88,193.62,222.28,287.54
2024-05-21,206.63,193.63,164.98,173.21,103.53, 67.45,206.44,193.19,213.59,287.93
2024-05-22,208.08,193.80,163.20,173.52,102.35, 65.47,212.34,190.68,215.34,288.16
2024-05-23,210.14,193.03,162.67,174.82,101.36, 63.18,183.49,189.49,211.80,286.65
2024-05-24,213.13,191.50,161.04,176.36,102.37, 65.36,197.51,186.77,207.31,283.67
2024-05-25,213.76,188.76,159.90,176.58,103.17, 66.36,193.66,185.45,205.84,278.06
2024-05-26,212.62,185.51,157.69,176.05,102.68, 66.18,194.67,181.45,206.86,271.49
2024-05-27,210.61,181.85,155.99,175.34,103.69, 67.41,200.90,178.84,216.84,264.40
2024-05-28,208.80,177.00,154.43,174.44,105.18, 70.61,202.15,176.42,219.65,254.81
2024-05-29,207.40,171.47,152.63,173.44,105.34, 70.87,200.45,173.65,220.35,243.59
2024-05-30,207.28,165.75,150.71,173.61,105.64, 71.76,192.16,170.54,223.10,232.07
2024-05-31,207.01,160.20,151.01,173.00,105.37, 71.14,191.77,171.20,223.06,221.14
2024-06-01,207.07,154.10,150.85,173.42,104.82, 69.85,188.23,170.65,233.38,208.74
2024-06-02,207.34,150.04,150.73,173.34,104.85, 70.15,192.06,170.76,236.37,200.59
2024-06-03,208.24,149.55,149.88,173.59,104.68, 69.94,193.58,168.94,240.17,199.76
2024-06-04,209.72,150.30,148.65,174.48,104.95, 71.06,204.58,167.40,236.56,201.24
2024-06-05,212.31,150.99,147.23,175.72,104.85, 70.87,205.99,165.12,246.84,202.62
2024-06-06,214.81,150.47,146.63,177.08,105.96, 72.57,195.21,163.89,241.47,201.34
2024-06-07,217.38,148.17,145.29,178.20,106.25, 73.07,182.11,161.33,237.54,196.88
2024-06-08,219.40,146.48,143.16,179.33,107.76, 75.89,171.20,158.48,233.78,193.34
2024-06-09,220.73,144.95,143.28,180.25,108.71, 77.82,167.33,158.55,247.37,190.41
2024-06-10,222.53,144.97,144.79,181.09,108.85, 78.16,168.29,161.17,249.35,190.68
2024-06-11,223.76,145.82,145.60,181.81,109.13, 78.54,172.53,162.76,246.00,192.39
2024-06-12,225.14,146.09,146.12,182.66,110.43, 80.72,167.57,163.43,238.43,192.84
2024-06-13,227.44,147.49,146.61,183.33,110.42, 81.39,166.36,164.04,237.50,195.46
2024-06-14,230.05,150.74,148.02,184.48,109.59, 79.75,160.68,166.34,234.30,202.09
2024-06-15,233.20,154.44,149.29,186.65,109.32, 79.17,168.41,168.51,232.64,209.45
2024-06-16,235.13,156.75,148.88,187.20,109.03, 78.76,155.92,167.72,233.49,213.94
2024-06-17,237.77,157.48,147.74,188.69,109.85, 79.48,159.76,165.84,240.51,215.58
2024-06-18,239.16,157.40,147.44,189.40,108.90, 78.35,161.07,165.33,234.01,215.36
2024-06-19,239.21,159.82,149.30,189.23,107.57, 75.65,171.29,168.40,232.98,220.30
2024-06-20,240.21,162.15,148.78,189.75,107.53, 75.31,169.99,167.53,233.07,224.84
2024-06-21,242.32,162.40,149.29,190.81,107.86, 75.86,173.31,168.14,231.58,225.49
2024-06-22,243.70,163.22,149.87,191.86,108.07, 76.39,157.01,169.27,230.72,227.25
2024-06-23,246.16,162.60,150.54,192.80,108.86, 77.90,159.80,170.40,228.18,225.74
2024-06-24,247.83,159.77,151.02,193.57,109.94, 80.41,168.14,171.12,222.20,220.19
2024-06-25,248.81,156.97,150.64,194.21,110.04, 80.14,166.87,170.27,223.91,214.63
2024-06-26,248.85,153.63,149.93,194.24,108.80, 78.67,169.61,169.43,219.93,207.96
2024-06-27,249.04,150.23,149.34,194.00,108.90, 79.55,167.93,168.03,217.31,201.17
2024-06-28,247.81,148.84,150.28,193.67,109.45, 80.11,165.59,169.68,206.97,198.17
2024-06-29,247.21,146.31,150.03,193.50,109.32, 79.28,165.89,169.13,212.24,193.02
2024-06-30,247.97,143.44,149.42,193.51,107.54, 76.12,165.76,168.52,216.85,187.51
2024-07-01,249.13,142.08,149.26,194.40,106.46, 73.37,158.39,168.26,209.26,184.73
2024-07-02,249.38,143.10,149.50,194.31,105.80, 72.03,158.96,168.57,211.25,186.98
2024-07-03,249.39,143.59,151.58,194.52,106.09, 72.65,165.23,172.06,206.32,187.78
2024-07-04,247.99,142.25,153.43,193.49,104.94, 70.28,170.82,174.77,211.48,185.11
2024-07-05,247.40,141.23,154.70,192.84,104.34, 69.11,175.62,176.86,204.27,182.93
2024-07-06,248.03,140.97,154.10,193.44,104.73, 69.49,175.24,175.38,206.71,182.62
2024-07-07,248.31,140.65,156.25,193.78,104.92, 69.95,176.83,179.46,206.84,181.76
2024-07-08,246.24,139.66,156.53,192.76,104.91, 70.67,164.43,180.09,214.00,180.04
2024-07-09,244.36,140.50,156.85,191.96,104.93, 70.95,161.76,180.36,220.51,181.55
2024-07-10,244.18,142.10,156.51,191.81,104.55, 70.05,157.00,179.98,226.45,184.73
2024-07-11,243.62,143.04,157.75,191.58,103.84, 67.99,146.23,181.73,219.77,186.67
2024-07-12,243.05,144.25,159.29,191.18,104.06, 68.35,155.25,184.20,220.10,189.08
2024-07-13,241.84,146.19,159.11,190.47,103.77, 68.54,145.29,183.95,223.20,192.83
2024-07-14,240.87,148.51,158.93,190.03,104.08, 69.40,141.82,183.53,227.49,197.59
2024-07-15,238.29,149.74,158.49,188.99,103.33, 67.05,154.72,182.80,227.50,199.95
2024-07-16,236.80,148.10,157.53,187.90,103.13, 66.55,160.69,181.17,222.21,196.93
2024-07-17,235.57,148.19,158.41,187.72,103.28, 66.87,162.16,182.85,229.77,197.00
2024-07-18,233.50,149.98,158.63,186.16,103.10, 66.60,152.62,182.98,225.67,200.63
2024-07-19,230.87,152.14,158.00,185.24,101.41, 63.56,159.05,181.81,230.63,205.01
2024-07-20,227.39,154.00,158.52,183.19,101.46, 63.48,146.85,183.18,228.36,208.58
2024-07-21,226.24,155.64,158.31,182.72,102.29, 65.45,158.55,182.71,228.59,212.09
2024-07-22,225.06,157.67,156.77,182.01,102.38, 65.69,165.29,180.38,227.42,215.93
2024-07-23,224.36,160.19,155.82,182.13,102.33, 65.23,157.22,178.65,228.96,220.87
2024-07-24,224.42,162.16,156.17,181.67,103.09, 66.72,160.65,179.31,233.24,224.92
2024-07-25,223.67,164.32,156.88,181.54,104.52, 69.47,171.79,180.02,235.82,229.14
2024-07-26,222.89,166.17,156.81,180.99,103.79, 68.56,173.34,180.41,234.62,232.77
2024-07-27,220.78,169.60,156.13,179.75,103.05, 65.83,170.62,179.22,231.91,239.81
2024-07-28,218.80,173.56,156.13,179.22,102.30, 65.29,170.24,179.28,228.15,247.57
2024-07-29,217.15,178.00,156.60,178.31,105.03, 70.27,178.74,179.97,208.17,256.62
2024-07-30,216.95,182.10,156.48,178.63,105.83, 71.78,174.81,179.99,207.71,264.73
2024-07-31,218.13,185.43,158.06,178.49,104.58, 69.84,176.45,182.63,217.53,271.41
2024-08-01,217.19,187.30,157.90,178.20,104.96, 71.11,166.70,181.92,211.39,275.23
2024-08-02,215.34,188.66,156.99,177.55,106.88, 73.95,168.83,180.55,220.47,277.75
2024-08-03,214.62,190.71,155.97,177.14,107.49, 75.23,166.15,179.13,219.55,282.09
2024-08-04,216.63,193.62,154.70,177.78,107.57, 75.97,162.28,177.30,224.82,287.81
2024-08-05,219.02,197.41,154.94,179.22,108.59, 77.51,163.24,177.29,230.66,295.41
2024-08-06,220.62,201.76,155.02,180.24,108.13, 77.32,167.74,177.28,236.67,304.17
2024-08-07,219.61,206.00,153.77,179.63,109.42, 78.63,174.14,175.28,230.50,312.37
2024-08-08,218.26,209.72,154.58,179.09,108.82, 77.51,187.17,176.49,231.23,320.02
2024-08-09,216.01,213.73,156.72,177.87,107.71, 76.32,189.11,180.33,220.99,328.13
2024-08-10,213.30,216.36,158.19,176.39,106.47, 73.38,181.58,182.32,223.51,333.41
2024-08-11,210.97,217.51,158.79,175.36,107.00, 74.75,183.96,183.53,228.03,335.38
2024-08-12,207.96,220.50,159.21,173.67,107.46, 76.17,188.98,184.15,228.07,341.70
2024-08-13,206.17,225.26,161.08,172.70,107.42, 76.22,193.55,187.38,228.23,351.17
2024-08-14,205.39,228.65,161.71,172.43,106.77, 74.33,189.57,187.90,228.32,357.99
2024-08-15,207.23,229.75,162.47,173.28,107.11, 74.74,182.78,189.18,233.82,360.10
2024-08-16,209.13,231.54,162.39,173.83,107.34, 75.45,181.26,189.30,233.91,363.56
2024-08-17,212.95,232.43,162.30,176.15,106.52, 73.91,177.92,189.36,220.00,365.36
2024-08-18,215.70,232.87,162.47,177.62,106.86, 74.08,178.83,189.20,217.93,366.39
2024-08-19,216.50,234.24,162.61,177.91,106.31, 73.39,168.31,189.21,220.84,369.08
2024-08-20,216.42,234.63,162.22,177.85,106.32, 73.68,167.01,188.71,222.46,370.00
2024-08-21,214.90,234.31,160.96,177.23,106.04, 72.82,168.29,186.91,225.74,369.10
2024-08-22,212.23,234.30,159.80,175.80,107.51, 75.78,172.75,185.14,223.04,369.20
2024-08-23,210.36,236.04,158.96,175.25,108.10, 76.29,179.23,183.86,225.57,372.71
2024-08-24,210.24,239.14,158.04,174.63,108.10, 77.09,170.63,182.32,223.69,378.96
2024-08-25,211.91,241.82,157.47,175.59,108.00, 76.52,169.12,181.17,220.00,384.35
2024-08-26,214.10,243.31,156.81,176.97,107.34, 75.96,180.75,180.61,218.07,387.11
2024-08-27,214.42,245.46,157.05,176.83,107.22, 75.33,181.89,180.45,220.55,391.52
2024-08-28,214.38,247.78,156.80,176.98,108.78, 78.38,179.89,180.41,217.37,396.20
2024-08-29,213.53,251.27,156.93,176.60,109.93, 81.01,179.95,180.30,215.38,403.35
2024-08-30,215.26,254.13,156.24,177.54,109.14, 78.75,200.37,179.82,215.08,408.79
2024-08-31,217.01,255.90,154.14,178.22,108.55, 77.53,196.40,176.11,214.42,412.35
2024-09-01,216.93,256.00,152.19,178.45,107.96, 77.30,203.73,172.47,216.23,412.62
2024-09-02,215.58,255.87,151.76,177.48,108.74, 77.74,196.14,172.21,222.08,412.26
2024-09-03,212.78,255.54,149.06,176.16,107.14, 74.92,187.97,168.02,228.23,411.66
2024-09-04,212.09,254.89,148.80,175.65,105.26, 71.31,193.79,167.75,222.85,410.27
2024-09-05,212.06,252.96,148.30,175.53,104.48, 69.71,205.11,166.96,229.37,406.29
2024-09-06,213.33,248.38,146.28,176.47,105.31, 70.39,194.44,163.68,231.33,397.37
2024-09-07,213.29,243.87,145.14,176.63,104.20, 69.35,190.41,161.67,229.00,388.31
2024-09-08,213.04,241.78,145.35,176.26,103.92, 68.89,193.64,162.01,222.68,384.24
2024-09-09,213.75,240.87,144.57,176.64,103.98, 68.02,184.36,160.74,221.03,382.28
2024-09-10,215.27,239.84,143.14,177.76,103.63, 68.01,195.40,158.24,222.85,380.15
2024-09-11,218.41,240.00,141.46,179.02,103.77, 67.66,203.66,155.79,226.84,380.46
2024-09-12,220.27,239.04,141.31,180.00,104.68, 69.65,199.03,155.61,221.33,378.49
2024-09-13,222.23,236.82,140.58,180.69,105.37, 71.62,185.42,154.01,212.75,374.18
2024-09-14,224.15,235.23,139.89,181.36,105.91, 72.25,194.10,153.10,222.24,370.84
2024-09-15,227.80,233.50,139.96,183.79,106.22, 72.94,196.80,153.10,222.87,367.49
2024-09-16,230.47,231.36,139.25,184.68,106.15, 73.09,190.97,152.18,223.31,363.44
2024-09-17,233.33,231.12,138.23,186.11,107.22, 74.77,187.33,150.52,224.18,362.84
2024-09-18,234.82,229.49,137.77,186.96,106.42, 73.12,171.33,149.75,224.80,359.68
2024-09-19,236.00,226.24,135.01,187.69,105.23, 70.97,173.54,145.28,226.95,353.22
2024-09-20,236.92,224.03,132.32,188.33,103.78, 69.05,166.43,141.08,233.28,348.71
2024-09-21,237.12,221.91,129.41,188.20,104.69, 70.13,163.74,136.37,236.22,344.34
2024-09-22,237.40,219.03,127.31,188.51,103.64, 67.75,173.40,132.96,232.80,338.55
2024-09-23,234.39,215.79,126.32,187.01,104.09, 69.31,163.12,131.45,232.77,332.16
2024-09-24,232.46,214.22,124.24,186.25,105.00, 69.78,167.00,128.10,231.28,329.09
2024-09-25,231.06,214.63,123.54,185.06,105.18, 71.16,155.17,127.19,232.85,329.68
2024-09-26,230.74,215.80,124.76,185.01,104.96, 70.67,150.83,128.90,235.35,332.12
2024-09-27,229.34,215.82,126.53,184.43,106.11, 72.27,135.61,131.93,233.59,332.28
2024-09-28,229.37,214.27,127.55,184.52,107.03, 74.55,138.01,133.66,229.57,329.07
2024-09-29,229.76,211.20,126.88,184.86,106.94, 74.60,133.07,131.94,227.90,323.06
2024-09-30,231.17,208.13,127.42,185.20,107.25, 74.44,142.23,133.13,231.24,316.81
2024-10-01,233.85,206.33,127.02,186.70,107.15, 74.96,145.76,132.62,228.43,313.18
2024-10-02,234.99,205.36,128.25,187.26,107.91, 75.64,154.51,134.88,226.29,311.28
2024-10-03,235.72,204.35,126.83,187.46,107.01, 75.14,162.64,132.53,227.23,309.33
2024-10-04,235.47,202.04,126.97,187.55,107.06, 74.61,156.54,132.68,221.89,304.72
2024-10-05,236.46,198.34,127.34,188.02,107.88, 76.18,149.81,133.30,220.06,297.26
2024-10-06,235.94,194.88,126.04,187.47,107.67, 75.83,145.46,131.20,212.63,290.38
2024-10-07,234.75,191.56,126.87,186.90,108.51, 77.12,141.20,132.31,198.88,283.71
2024-10-08,233.66,189.30,126.07,186.43,107.39, 75.48,152.20,131.13,193.44,279.16
2024-10-09,234.51,188.18,125.16,187.06,107.84, 76.47,154.84,129.47,188.13,276.87
2024-10-10,235.74,187.62,123.49,187.72,107.72, 75.65,157.37,126.81,185.78,275.71
2024-10-11,236.45,186.97,121.32,188.13,108.00, 76.71,163.52,123.41,188.64,274.49
2024-10-12,236.85,187.15,118.21,188.34,106.50, 73.48,172.65,118.05,180.18,274.95
2024-10-13,236.28,187.67,116.33,187.82,107.04, 74.35,178.77,115.50,171.72,275.84
2024-10-14,236.00,188.62,114.89,187.81,106.17, 72.77,170.57,113.13,174.98,277.91
2024-10-15,235.84,188.85,112.02,187.68,106.30, 72.75,168.65,108.87,177.92,278.29
2024-10-16,235.58,188.24,108.81,187.48,104.72, 69.41,174.07,103.34,179.37,277.05
2024-10-17,234.88,188.53,104.86,187.05,104.31, 69.38,170.17, 97.00,179.97,277.59
2024-10-18,235.12,188.93,102.05,187.31,104.52, 69.32,168.36, 92.84,195.50,278.67
2024-10-19,235.79,189.60, 99.23,187.46,104.10, 69.26,171.08, 88.09,193.03,279.85
2024-10-20,234.93,191.30, 97.12,187.47,102.50, 66.04,164.37, 84.47,193.55,283.07
2024-10-21,235.73,193.59, 95.47,187.59,101.82, 63.88,169.71, 81.94,194.68,287.69
2024-10-22,235.68,196.17, 93.72,187.55,102.12, 65.08,162.84, 79.74,196.83,292.88
2024-10-23,235.82,197.22, 91.50,187.47,103.08, 66.27,155.38, 75.60,189.53,294.98
2024-10-24,235.62,198.07, 89.91,187.22,102.75, 66.95,152.88, 73.15,199.14,296.54
2024-10-25,235.90,199.77, 87.40,188.00,103.34, 66.65,145.86, 69.15,204.09,300.11
2024-10-26,234.51,200.17, 86.10,187.29,102.18, 65.00,154.91, 67.29,202.29,300.82
2024-10-27,232.33,199.96, 84.80,185.64,101.68, 64.29,155.78, 64.91,202.11,300.68
2024-10-28,231.21,199.71, 83.24,185.47,101.77, 64.53,161.61, 62.35,200.65,299.94
2024-10-29,230.53,197.74, 83.37,185.05,102.36, 64.56,165.44, 62.71,203.83,296.11
2024-10-30,229.96,196.04, 83.03,184.67,101.24, 63.01,161.27, 61.92,206.74,292.68
2024-10-31,231.81,196.20, 81.18,185.52,101.02, 63.06,158.52, 59.14,203.09,292.93
2024-11-01,234.94,196.45, 79.63,187.07,102.19, 65.13,146.45, 56.96,201.80,293.48
2024-11-02,237.51,197.38, 78.76,188.37,102.33, 65.07,150.57, 55.48,205.01,295.31
2024-11-03,240.46,198.47, 79.75,190.13,101.54, 63.73,152.84, 56.88,202.93,297.49
2024-11-04,242.56,198.66, 79.60,191.24,100.56, 62.16,156.16, 57.16,199.81,297.97
2024-11-05,246.54,199.00, 80.03,192.79,102.06, 64.92,154.04, 57.48,205.13,298.62
2024-11-06,250.79,200.01, 80.83,195.21,102.16, 65.15,153.38, 58.54,208.23,300.38
2024-11-07,253.57,202.67, 79.85,196.46,102.47, 65.95,159.03, 57.12,200.71,306.08
2024-11-08,255.88,204.91, 80.01,197.78,102.30, 65.66,165.12, 57.75,203.34,310.33
2024-11-09,257.95,207.03, 79.36,198.34,103.47, 67.47,170.23, 56.02,198.26,314.74
2024-11-10,260.60,208.96, 79.13,199.95,102.27, 65.74,160.43, 56.01,203.93,318.60
2024-11-11,262.87,211.11, 79.05,200.91,102.57, 65.34,149.26, 55.50,200.14,322.80
2024-11-12,265.06,213.79, 78.55,201.98,101.95, 64.72,165.23, 54.88,203.61,328.21
2024-11-13,266.05,217.71, 77.68,202.73,102.00, 64.65,165.64, 53.82,211.23,336.28
2024-11-14,265.29,221.39, 74.49,202.15,100.61, 61.63,158.57, 48.74,210.68,343.33
2024-11-15,262.39,223.81, 73.38,200.86,100.34, 61.53,155.04, 46.43,211.63,348.13
2024-11-16,259.89,226.47, 72.39,199.64,101.07, 62.93,142.53, 44.97,215.93,353.44
2024-11-17,259.48,228.29, 72.72,199.77,100.96, 62.31,138.01, 45.82,214.93,357.34
2024-11-18,260.45,230.70, 72.41,200.27,101.03, 62.44,140.50, 45.32,217.91,361.97
2024-11-19,262.01,233.71, 71.91,200.33,101.00, 62.38,142.34, 44.94,217.57,368.08
2024-11-20,263.31,236.49, 71.06,201.81,101.07, 62.96,144.42, 43.00,205.94,373.57
2024-11-21,264.42,239.62, 70.18,201.69,100.49, 62.77,141.66, 41.60,202.50,379.80
2024-11-22,265.91,244.08, 69.09,202.66,101.65, 64.42,145.24, 39.85,207.05,388.68
2024-11-23,266.79,249.81, 68.16,203.15,102.19, 64.72,138.91, 38.38,209.60,400.17
2024-11-24,267.50,257.08, 67.52,203.59,102.41, 65.57,137.50, 37.09,216.21,414.77
2024-11-25,267.86,263.34, 66.12,203.44,103.27, 67.30,139.66, 35.26,216.70,427.38
2024-11-26,268.47,267.43, 65.33,204.27,102.92, 66.37,130.94, 33.76,216.09,435.55
2024-11-27,270.13,270.50, 64.46,204.85,102.93, 66.30,127.18, 32.33,208.26,441.57
2024-11-28,272.67,271.35, 63.23,206.11,102.69, 66.21,130.32, 30.61,212.56,443.29
2024-11-29,275.90,268.97, 61.48,207.56,103.78, 68.04,130.44, 27.65,210.57,438.33
2024-11-30,278.41,264.57, 60.25,208.58,102.78, 66.62,130.50, 25.93,210.07,429.61
2024-12-01,278.85,259.90, 60.68,209.32,103.07, 66.39,133.87, 26.69,219.75,420.40
2024-12-02,278.43,256.10, 62.76,208.75,102.29, 64.87,123.93, 29.61,212.66,412.94
2024-12-03,276.89,253.61, 62.13,208.22,102.06, 65.14,133.28, 28.78,211.41,407.76
2024-12-04,275.49,253.71, 61.47,207.28,102.20, 65.16,129.61, 27.46,207.26,407.91
2024-12-05,274.90,255.32, 61.28,207.31,103.56, 67.20,137.11, 27.52,211.59,411.21
2024-12-06,272.67,257.99, 59.70,205.94,102.21, 64.60,131.34, 24.99,220.41,416.54
2024-12-07,271.45,261.59, 58.77,205.63,102.75, 65.82,132.11, 23.50,211.40,423.57
2024-12-08,269.66,264.73, 59.43,204.75,102.79, 66.82,125.93, 24.97,209.47,430.23
2024-12-09,269.09,266.83, 60.24,203.85,103.92, 68.95,127.28, 25.61,214.01,434.16
2024-12-10,268.25,269.25, 60.84,203.65,103.84, 68.74,129.95, 26.55,203.32,439.05
2024-12-11,266.94,272.57, 62.29,203.12,103.92, 68.87,124.09, 29.29,207.69,445.68
2024-12-12,264.85,275.37, 63.45,201.97,102.76, 66.21,121.78, 30.86,202.96,451.15
2024-12-13,261.29,279.01, 64.81,200.26,102.74, 66.10,116.67, 33.40,196.53,458.62
2024-12-14,257.92,281.18, 63.32,198.46,102.54, 66.23,122.42, 30.71,199.67,462.85
2024-12-15,255.13,282.86, 64.30,197.50,102.84, 66.43,127.97, 31.98,195.50,466.25
2024-12-16,253.88,284.62, 66.78,196.24,103.25, 66.15,130.79, 36.24,187.42,469.77
2024-12-17,253.19,285.73, 69.42,196.12,102.59, 65.10,138.91, 40.25,195.10,472.18
2024-12-18,253.15,286.75, 70.98,196.54,103.16, 67.00,125.34, 42.77,188.55,474.10
2024-12-19,252.49,287.21, 71.75,196.08,104.42, 69.99,113.59, 44.19,187.49,474.94
2024-12-20,251.99,288.62, 71.26,195.80,105.24, 70.84, 94.18, 43.11,185.86,477.92
2024-12-21,251.56,289.83, 72.12,195.15,104.42, 69.41, 81.68, 44.68,184.32,480.23
2024-12-22,252.42,291.72, 73.08,195.77,105.26, 70.71, 72.82, 46.04,183.96,483.94
2024-12-23,253.93,294.68, 73.12,196.53,106.27, 72.91, 73.41, 46.40,181.04,489.98
2024-12-24,254.94,296.83, 73.42,197.05,104.95, 70.59, 78.71, 46.54,186.65,494.29
2024-12-25,257.68,298.17, 73.20,198.53,104.36, 69.32, 73.80, 46.19,185.30,497.02
2024-12-26,258.95,299.17, 73.45,199.49,104.75, 70.25, 77.24, 46.81,180.65,498.94
2024-12-27,259.97,299.73, 74.50,199.52,106.18, 73.38, 72.06, 48.51,181.36,499.98
2024-12-28,260.04,300.92, 75.21,200.22,105.22, 71.04, 79.21, 49.73,184.63,502.39
2024-12-29,260.89,301.40, 75.75,200.13,104.71, 69.36, 80.82, 50.42,183.26,503.22
2024-12-30,261.67,299.77, 76.27,200.61,103.56, 67.97, 82.50, 51.15,189.29,500.35
2024-12-31,262.24,296.35, 77.84,200.99,103.86, 67.95, 91.19, 54.09,191.77,493.26
2025-01-01,261.02,292.98, 79.59,200.34,103.39, 67.64, 92.97, 56.54,193.45,486.63
2025-01-02,259.57,291.20, 79.67,199.45,103.57, 67.65, 83.25, 56.84,188.72,483.07
2025-01-03,260.37,288.36, 82.03,199.85,104.03, 68.03, 87.56, 60.88,182.08,477.11
2025-01-04,262.24,284.16, 83.44,200.62,104.32, 69.09, 79.21, 62.54,182.26,468.84
2025-01-05,265.23,281.74, 84.04,202.71,104.61, 69.60, 64.67, 64.13,178.86,464.12
2025-01-06,266.22,279.56, 83.56,202.78,104.56, 69.59, 83.35, 63.41,177.14,459.73
2025-01-07,267.84,277.22, 81.62,203.59,103.16, 67.72, 87.08, 60.06,171.95,455.03
2025-01-08,269.28,274.07, 79.29,204.35,102.94, 66.73, 70.86, 56.20,173.01,449.03
2025-01-09,271.08,271.93, 76.41,205.10,103.91, 67.92, 73.03, 51.24,173.08,444.48
2025-01-10,272.61,270.01, 74.44,206.11,104.69, 70.18, 80.11, 48.36,171.62,440.55
2025-01-11,273.71,266.13, 70.46,206.61,105.26, 70.78, 79.61, 42.27,166.43,432.78
2025-01-12,273.90,263.34, 67.96,206.50,104.69, 70.16, 80.52, 38.31,165.40,427.29
2025-01-13,274.57,261.69, 67.08,207.13,104.58, 69.76, 91.85, 36.41,167.59,424.16
2025-01-14,273.59,259.01, 66.59,206.57,105.94, 72.50, 92.03, 36.17,167.63,418.49
2025-01-15,273.78,255.35, 65.87,206.81,105.35, 71.22, 95.53, 34.72,170.35,411.39
2025-01-16,275.20,252.36, 63.98,207.22,105.33, 70.83,105.58, 32.02,169.26,405.35
2025-01-17,277.67,249.60, 63.48,208.73,105.16, 70.94,102.39, 30.75,183.33,399.64
2025-01-18,280.52,248.63, 61.26,210.01,106.40, 73.68,113.18, 27.62,181.05,397.79
2025-01-19,282.46,247.86, 59.38,210.91,105.60, 72.18,114.18, 24.38,176.14,396.31
2025-01-20,282.90,246.98, 58.56,211.35,106.88, 73.89,117.86, 23.03,187.62,394.59
2025-01-21,282.25,245.54, 58.19,210.95,106.97, 74.46,116.09, 22.36,187.43,391.71
2025-01-22,281.43,243.93, 57.58,210.71,107.39, 75.31,115.27, 21.59,181.58,388.64
2025-01-23,281.45,241.50, 57.10,210.55,106.77, 74.76,122.80, 20.55,183.64,383.58
2025-01-24,281.69,237.48, 57.06,210.37,108.04, 76.48,128.76, 20.54,180.98,375.56
2025-01-25,281.43,232.30, 57.06,210.25,109.11, 78.53,137.07, 20.70,174.30,365.06
2025-01-26,280.99,229.50, 57.88,209.97,109.24, 79.19,142.43, 22.22,175.43,359.58
2025-01-27,280.71,227.79, 57.27,210.12,108.28, 77.89,143.91, 21.00,165.04,356.29
2025-01-28,281.09,224.82, 57.58,210.33,108.93, 77.93,129.13, 21.26,164.56,350.19
2025-01-29,281.30,221.01, 58.52,210.58,109.16, 79.00,119.83, 23.10,163.00,342.49
2025-01-30,278.95,219.45, 56.87,209.04,109.01, 78.78,117.46, 20.59,161.50,339.36
2025-01-31,276.84,219.62, 57.03,208.01,108.80, 78.13,109.62, 20.65,165.07,339.88
2025-02-01,275.31,220.62, 56.64,207.07,108.76, 77.82,111.17, 20.00,171.15,341.93
2025-02-02,276.99,222.34, 57.35,208.04,108.27, 77.37,109.51, 21.09,170.14,345.26
2025-02-03,277.28,222.17, 58.39,208.29,108.82, 78.07,107.15, 22.75,177.53,345.13
2025-02-04,277.75,218.33, 59.65,208.78,109.32, 79.46,111.34, 24.85,173.43,337.14
2025-02-05,278.05,214.34, 60.13,208.58,109.21, 78.49,109.31, 25.66,176.62,329.28
2025-02-06,278.52,211.34, 60.35,208.95,108.64, 77.83,101.18, 25.78,176.61,323.35
2025-02-07,279.21,208.26, 62.27,209.01,108.99, 78.84, 97.33, 28.90,175.63,317.32
2025-02-08,279.06,207.12, 63.56,209.35,109.18, 78.81, 91.87, 31.21,176.04,314.90
2025-02-09,280.00,203.90, 64.79,209.90,108.02, 76.83, 80.31, 33.14,184.06,308.49
2025-02-10,279.64,199.31, 65.19,209.60,107.45, 75.77, 75.47, 33.44,192.76,299.22
2025-02-11,280.32,196.96, 63.71,209.70,107.09, 74.58, 72.00, 31.64,193.87,294.62
2025-02-12,282.38,194.37, 63.97,211.00,106.99, 74.50, 64.49, 31.75,194.88,289.47
2025-02-13,283.98,193.22, 64.02,211.88,106.99, 74.46, 71.49, 31.87,204.39,287.02
2025-02-14,285.16,192.46, 63.50,212.34,107.44, 75.85, 63.97, 30.88,195.35,285.53
2025-02-15,285.58,191.86, 63.39,212.30,107.90, 76.22, 58.69, 31.03,199.84,284.34
2025-02-16,286.13,194.09, 62.82,212.93,107.42, 75.33, 43.61, 29.99,191.78,288.69
2025-02-17,284.47,195.79, 64.31,212.04,106.84, 73.88, 45.00, 32.15,199.98,292.08
2025-02-18,280.62,194.40, 64.33,209.70,107.07, 74.41, 48.71, 32.32,209.72,289.42
2025-02-19,277.09,193.17, 65.00,208.36,107.64, 75.99, 48.67, 33.31,203.10,287.11
2025-02-20,273.43,191.45, 65.55,206.37,108.58, 77.43, 54.61, 34.28,192.91,283.50
2025-02-21,269.53,190.03, 66.57,204.48,109.18, 79.12, 55.32, 35.69,189.20,280.69
2025-02-22,265.64,188.03, 66.44,202.44,108.72, 78.05, 54.41, 35.81,191.56,276.78
2025-02-23,263.22,185.11, 65.97,201.44,108.61, 77.64, 47.09, 34.89,190.09,270.84
2025-02-24,259.85,183.04, 67.20,199.64,108.61, 78.04, 40.72, 36.83,189.34,266.65
2025-02-25,255.83,181.07, 68.03,197.59,109.33, 79.17, 48.75, 38.12,177.64,262.80
2025-02-26,251.89,179.38, 69.65,195.90,109.06, 78.64, 41.54, 40.53,184.74,259.35
2025-02-27,248.40,177.57, 71.81,193.86,108.83, 78.25, 49.26, 44.19,182.67,255.59
2025-02-28,244.94,175.16, 75.06,192.16,109.21, 78.77, 54.68, 49.48,183.61,250.78
2025-03-01,241.11,174.53, 76.78,190.40,108.92, 78.89, 62.63, 52.45,180.70,249.77
2025-03-02,237.79,174.94, 78.00,188.47,109.09, 78.69, 65.59, 53.93,175.99,250.48
2025-03-03,233.87,175.76, 79.34,186.69,109.22, 78.55, 78.13, 56.22,181.30,252.15
2025-03-04,232.08,176.03, 81.03,185.78,107.92, 77.13, 78.43, 58.92,181.63,252.61
2025-03-05,230.22,174.73, 83.00,184.63,108.68, 78.41, 63.04, 61.98,177.25,250.14
2025-03-06,229.72,174.42, 83.10,184.97,110.35, 81.10, 69.49, 62.24,179.04,249.48
2025-03-07,228.91,175.80, 82.77,184.37,110.87, 82.73, 72.98, 61.79,183.86,252.18
2025-03-08,228.35,175.67, 82.41,184.23,111.32, 83.23, 71.49, 61.09,179.59,251.90
2025-03-09,229.27,175.57, 81.74,184.54,112.09, 84.75, 72.55, 59.62,172.30,251.77
2025-03-10,230.54,176.19, 81.18,185.10,113.01, 86.37, 70.01, 59.28,176.87,253.02
2025-03-11,233.02,175.31, 81.14,186.20,113.26, 86.44, 59.41, 59.22,173.91,251.26
2025-03-12,233.74,173.94, 81.00,186.47,113.11, 87.18, 69.25, 58.96,174.32,248.43
2025-03-13,232.82,172.45, 79.83,186.24,113.66, 87.33, 71.10, 57.10,165.90,245.56
2025-03-14,231.78,171.66, 78.80,185.55,113.16, 87.13, 75.44, 55.46,166.26,243.89
2025-03-15,229.69,173.02, 78.76,184.85,112.99, 86.57, 78.79, 55.37,164.04,246.68
2025-03-16,227.25,175.51, 79.62,183.04,112.53, 85.10, 78.58, 56.28,166.29,251.54
2025-03-17,226.99,177.24, 80.40,182.88,110.78, 82.06, 67.76, 58.10,161.54,255.03
2025-03-18,227.49,177.86, 81.35,183.23,111.01, 82.17, 66.45, 59.42,161.02,256.43
2025-03-19,230.98,177.27, 82.46,185.01,111.20, 82.99, 62.89, 61.20,164.14,255.20
2025-03-20,235.28,175.94, 82.70,187.19,111.28, 82.85, 64.24, 61.89,165.81,252.68
2025-03-21,240.38,174.19, 84.31,189.96,111.05, 82.82, 61.71, 64.30,172.20,248.94
2025-03-22,244.20,171.92, 83.82,191.77,111.78, 83.79, 63.08, 63.61,175.71,244.43
2025-03-23,246.74,169.01, 83.82,192.83,112.80, 86.23, 63.90, 63.21,179.28,238.54
2025-03-24,248.17,165.24, 83.91,193.87,112.17, 85.36, 61.01, 63.50,185.16,231.00
2025-03-25,247.74,163.65, 83.75,193.36,112.48, 85.12, 66.14, 63.28,186.72,227.93
2025-03-26,246.46,163.46, 82.82,192.71,111.83, 83.91, 59.09, 62.09,182.15,227.29
2025-03-27,244.00,163.03, 83.35,191.67,113.24, 87.02, 55.36, 62.75,186.83,226.64
2025-03-28,240.21,164.19, 83.34,189.82,112.97, 86.53, 62.72, 62.48,179.02,229.04
2025-03-29,235.54,165.81, 82.97,187.37,113.86, 87.81, 82.46, 62.29,177.07,232.19
2025-03-30,231.49,166.12, 82.77,185.69,113.98, 88.50, 72.69, 61.52,168.31,232.80
2025-03-31,227.39,166.01, 82.22,183.60,113.46, 87.13, 73.88, 61.09,168.44,232.45
2025-04-01,224.12,166.00, 82.20,181.88,112.36, 85.41, 67.08, 60.90,161.17,232.59
2025-04-02,222.07,165.75, 82.16,180.99,112.84, 86.48, 63.81, 61.00,164.55,232.09
2025-04-03,219.19,164.16, 81.66,179.85,113.13, 87.45, 61.44, 60.19,166.98,228.88
2025-04-04,215.87,163.47, 82.28,177.80,112.74, 85.95, 64.40, 60.62,165.29,227.57
2025-04-05,213.66,162.05, 82.90,176.79,112.85, 85.84, 68.93, 61.68,164.04,224.79
2025-04-06,213.30,160.33, 82.20,176.59,113.11, 86.96, 67.86, 61.13,161.74,221.39
2025-04-07,212.79,159.42, 82.69,176.27,112.98, 86.46, 68.37, 61.60,161.04,219.64
2025-04-08,213.01,159.16, 81.59,176.42,112.76, 86.26, 71.62, 59.92,167.93,218.74
2025-04-09,213.89,159.69, 81.19,176.20,113.50, 87.52, 67.99, 59.10,160.58,219.93
2025-04-10,215.66,159.61, 81.39,177.75,114.11, 88.78, 62.93, 59.47,171.86,219.81
2025-04-11,217.78,159.73, 80.56,178.29,113.64, 87.66, 54.49, 58.14,161.25,219.99
2025-04-12,220.32,159.61, 81.72,179.75,112.37, 85.16, 55.78, 59.95,162.70,219.70
2025-04-13,220.21,161.37, 82.17,179.58,112.60, 85.72, 58.35, 60.53,161.38,223.32
2025-04-14,220.25,163.58, 83.79,179.85,114.57, 89.17, 67.78, 63.18,157.13,227.65
2025-04-15,219.45,162.31, 85.45,179.13,114.66, 89.87, 66.36, 66.28,152.14,225.02
2025-04-16,220.27,159.15, 86.28,180.04,113.85, 88.34, 50.20, 67.62,152.33,218.87
2025-04-17,222.20,158.04, 89.07,180.60,112.99, 86.06, 49.62, 72.15,152.10,216.52
2025-04-18,225.37,157.77, 89.23,182.12,112.99, 86.53, 52.60, 72.24,143.23,216.19
2025-04-19,229.16,157.20, 90.12,184.40,112.49, 85.20, 44.49, 73.80,143.15,214.98
2025-04-20,232.08,156.17, 90.26,185.92,111.37, 83.75, 42.22, 73.89,141.86,212.98
2025-04-21,235.19,155.28, 89.14,187.24,110.25, 81.47, 46.53, 72.02,136.65,211.38
2025-04-22,237.01,154.64, 91.27,188.56,109.15, 78.96, 36.39, 75.52,138.30,210.00
2025-04-23,237.57,154.59, 93.23,188.47,107.97, 76.87, 37.26, 78.37,131.28,209.59
2025-04-24,238.06,156.09, 94.61,188.52,106.86, 74.42, 38.93, 80.42,128.61,212.57
2025-04-25,237.26,156.48, 96.60,188.37,106.14, 73.13, 40.11, 84.05,133.84,213.71
2025-04-26,236.25,157.43, 98.53,187.42,104.92, 70.59, 38.88, 86.80,136.49,215.32
2025-04-27,235.26,159.66,100.24,187.09,104.51, 69.54, 30.55, 89.88,131.38,220.03
2025-04-28,235.07,162.04,102.27,187.40,104.03, 68.72, 38.72, 93.09,129.86,224.60
2025-04-29,234.99,164.39,103.17,186.88,103.34, 67.41, 44.01, 94.24,128.16,229.31
2025-04-30,234.70,167.05,105.45,186.76,102.90, 66.36, 53.75, 98.26,132.49,234.87
